Algorithm,Model,Test_Accuracy
StreamCore,RandomForest,0.6669285714285714
StreamCore,SVC_RBF,0.42742857142857144
StreamCore,Ridge,0.7830714285714285
StreamCore,MLP,0.7767142857142857
Bilevel,RandomForest,0.5621428571428572
Bilevel,SVC_RBF,0.35035714285714287
Bilevel,Ridge,0.6225714285714286
Bilevel,MLP,0.6746428571428571
